animal,Common_Name,Family,Family_Common,Alternatives and notes,selector_caption,Selector_Caption
Aethia_cristatella,Crested Auklet,Alcidae,Alcidae (Auks/ Alcids),,Aethia cristatella (crested auklet),Aethia cristatella (Crested Auklet)
Aethia_psittacula,Parakeet Auklet,Alcidae,Alcidae (Auks/ Alcids),,Aethia psittacula (parakeet auklet),Aethia psittacula (Parakeet Auklet)
Aethia_pusilla,Least Auklet,Alcidae,Alcidae (Auks/ Alcids),,Aethia pusilla (least auklet),Aethia pusilla (Least Auklet)
Aethia_pygmaea,Whiskered Auklet,Alcidae,Alcidae (Auks/ Alcids),,Aethia pygmaea (whiskered auklet),Aethia pygmaea (Whiskered Auklet)
Alca_torda,Razorbill,Alcidae,Alcidae (Auks/ Alcids),,Alca torda (razorbill),Alca torda (Razorbill)
Alle_alle,Dovekie,Alcidae,Alcidae (Auks/ Alcids),,Alle alle (dovekie),Alle alle (Dovekie)
Brachyramphus_brevirostris,Kittlitz's Murrelet,Alcidae,Alcidae (Auks/ Alcids),,Brachyramphus brevirostris (Kittlitz's murrelet),Brachyramphus brevirostris (Kittlitz's Murrelet)
Brachyramphus_marmoratus,Marbled Murrelet,Alcidae,Alcidae (Auks/ Alcids),,Brachyramphus marmoratus (marbled murrelet),Brachyramphus marmoratus (Marbled Murrelet)
Brachyramphus_perdix,Long-billed Murrelet,Alcidae,Alcidae (Auks/ Alcids),,Brachyramphus perdix (long-billed murrelet),Brachyramphus perdix (Long-billed Murrelet)
Cepphus_carbo,Spectacled Guillemot,Alcidae,Alcidae (Auks/ Alcids),,Cepphus carbo (spectacled guillemot),Cepphus carbo (Spectacled Guillemot)
Cepphus_columba,Pigeon Guillemot,Alcidae,Alcidae (Auks/ Alcids),,Cepphus columba (pigeon guillemot),Cepphus columba (Pigeon Guillemot)
Cepphus_grylle,Black Guillemot,Alcidae,Alcidae (Auks/ Alcids),,Cepphus grylle (black guillemot),Cepphus grylle (Black Guillemot)
Cerorhinca_monocerata,Rhinoceros Auklet,Alcidae,Alcidae (Auks/ Alcids),,Cerorhinca monocerata (rhinoceros auklet),Cerorhinca monocerata (Rhinoceros Auklet)
Fratercula_arctica,Atlantic Puffin,Alcidae,Alcidae (Auks/ Alcids),,Fratercula arctica (atlantic puffin),Fratercula arctica (Atlantic Puffin)
Fratercula_cirrhata,Tufted Puffin,Alcidae,Alcidae (Auks/ Alcids),,Fratercula cirrhata (tufted puffin),Fratercula cirrhata (Tufted Puffin)
Fratercula_corniculata,Horned Puffin,Alcidae,Alcidae (Auks/ Alcids),,Fratercula corniculata (horned puffin),Fratercula corniculata (Horned Puffin)
Pinguinus_impennis,Great Auk,Alcidae,Alcidae (Auks/ Alcids),Great auk!!! Extinct mid 19th centuary,Pinguinus impennis (great auk),Pinguinus impennis (Great Auk)
Ptychoramphus_aleuticus,Cassin's Auklet,Alcidae,Alcidae (Auks/ Alcids),,Ptychoramphus aleuticus (Cassin's auklet),Ptychoramphus aleuticus (Cassin's Auklet)
Synthliboramphus_antiquus,Ancient Murrelet,Alcidae,Alcidae (Auks/ Alcids),,Synthliboramphus antiquus (ancient murrelet),Synthliboramphus antiquus (Ancient Murrelet)
Synthliboramphus_craveri,Craveri's Murrelet,Alcidae,Alcidae (Auks/ Alcids),,Synthliboramphus craveri (Craveri's murrelet),Synthliboramphus craveri (Craveri's Murrelet)
Synthliboramphus_hypoleucus,Guadalupe Murrelet,Alcidae,Alcidae (Auks/ Alcids),,Synthliboramphus hypoleucus (Guadalupe murrelet),Synthliboramphus hypoleucus (Guadalupe Murrelet)
Synthliboramphus_wumizusume,Crested Murrelet,Alcidae,Alcidae (Auks/ Alcids),,Synthliboramphus wumizusume (crested murrelet),Synthliboramphus wumizusume (Crested Murrelet)
Uria_aalge,Common Murre,Alcidae,Alcidae (Auks/ Alcids),,Uria aalge (common murre),Uria aalge (Common Murre)
Uria_lomvia,Brünnich's Guillemot,Alcidae,Alcidae (Auks/ Alcids),,Uria lomvia (Brunnich's guillemot),Uria lomvia (Brunnich's Guillemot)
Diomedea_amsterdamensis,Amsterdam Island Albatross,Diomedeidae,Diomedeidae (Albatrosses),,Diomedea amsterdamensis (Amsterdam Island albatross),Diomedea amsterdamensis (Amsterdam Island Albatross)
Diomedea_antipodensis,Antipodean Albatross,Diomedeidae,Diomedeidae (Albatrosses),,Diomedea antipodensis (Antipodean albatross),Diomedea antipodensis (Antipodean Albatross)
Diomedea_dabbenena,Tristan Albatross,Diomedeidae,Diomedeidae (Albatrosses),,Diomedea dabbenena (Tristan albatross),Diomedea dabbenena (Tristan Albatross)
Diomedea_epomophora,Royal Albatross,Diomedeidae,Diomedeidae (Albatrosses),,Diomedea epomophora (royal albatross),Diomedea epomophora (Royal Albatross)
Diomedea_exulans,Wandering Albatross,Diomedeidae,Diomedeidae (Albatrosses),,Diomedea exulans (wandering albatross),Diomedea exulans (Wandering Albatross)
Diomedea_sanfordi,Northern Royal Albatross,Diomedeidae,Diomedeidae (Albatrosses),,Diomedea sanfordi (northern royal albatross),Diomedea sanfordi (Northern Royal Albatross)
Phoebastria_albatrus,Short-tailed Albatross,Diomedeidae,Diomedeidae (Albatrosses),,Phoebastria albatrus (short-tailed albatross),Phoebastria albatrus (Short-tailed Albatross)
Phoebastria_immutabilis,Laysan Albatross,Diomedeidae,Diomedeidae (Albatrosses),,Phoebastria immutabilis (Laysan albatross),Phoebastria immutabilis (Laysan Albatross)
Phoebastria_irrorata,Waved Albatross,Diomedeidae,Diomedeidae (Albatrosses),,Phoebastria irrorata (waved albatross),Phoebastria irrorata (Waved Albatross)
Phoebastria_nigripes,Black-footed Albatross,Diomedeidae,Diomedeidae (Albatrosses),,Phoebastria nigripes (black-footed albatross),Phoebastria nigripes (Black-footed Albatross)
Phoebetria_fusca,Sooty Albatross,Diomedeidae,Diomedeidae (Albatrosses),,Phoebetria fusca (sooty albatross),Phoebetria fusca (Sooty Albatross)
Phoebetria_palpebrata,Light-mantled Albatross,Diomedeidae,Diomedeidae (Albatrosses),,Phoebetria palpebrata (light-mantled albatross),Phoebetria palpebrata (Light-mantled Albatross)
Thalassarche_bulleri,Buller's Mollymawk,Diomedeidae,Diomedeidae (Albatrosses),,Thalassarche bulleri (Buller's mollymawk),Thalassarche bulleri (Buller's Mollymawk)
Thalassarche_carteri,Indian Yellow-nosed Albatross,Diomedeidae,Diomedeidae (Albatrosses),,Thalassarche carteri (Indian yellow-nosed albatross),Thalassarche carteri (Indian Yellow-nosed Albatross)
Thalassarche_cauta,Shy Albatross,Diomedeidae,Diomedeidae (Albatrosses),,Thalassarche cauta (shy albatross),Thalassarche cauta (Shy Albatross)
Thalassarche_chlororhynchos,Atlantic Yellow-nosed Albatross,Diomedeidae,Diomedeidae (Albatrosses),,Thalassarche chlororhynchos (Atlantic yellow-nosed albatross),Thalassarche chlororhynchos (Atlantic Yellow-nosed Albatross)
Thalassarche_chrysostoma,Grey-headed Albatross,Diomedeidae,Diomedeidae (Albatrosses),,Thalassarche chrysostoma (grey-headed albatross),Thalassarche chrysostoma (Grey-headed Albatross)
Thalassarche_eremita,Chatham Albatross,Diomedeidae,Diomedeidae (Albatrosses),,Thalassarche eremita (Chatham albatross),Thalassarche eremita (Chatham Albatross)
Thalassarche_impavida,Campbell Albatross,Diomedeidae,Diomedeidae (Albatrosses),,Thalassarche impavida (Campbell albatross),Thalassarche impavida (Campbell Albatross)
Thalassarche_melanophrys,Black-browed Albatross,Diomedeidae,Diomedeidae (Albatrosses),,Thalassarche melanophrys (black-browed albatross),Thalassarche melanophrys (Black-browed Albatross)
Thalassarche_salvini,Salvin's Albatross,Diomedeidae,Diomedeidae (Albatrosses),,Thalassarche salvini (Salvin's albatross),Thalassarche salvini (Salvin's Albatross)
Thalassarche_steadi,White-capped Albatross,Diomedeidae,Diomedeidae (Albatrosses),,Thalassarche steadi (white-capped albatross),Thalassarche steadi (White-capped Albatross)
Fregata_andrewsi,Andrews' Frigatebird,Fregatidae,Fregatidae (Frigatebirds),,Fregata andrewsi (Andrews' frigatebird),Fregata andrewsi (Andrews' Frigatebird)
Fregata_aquila,Ascension Frigatebird,Fregatidae,Fregatidae (Frigatebirds),,Fregata aquila (Ascension frigatebird),Fregata aquila (Ascension Frigatebird)
Fregata_ariel,Lesser Frigatebird,Fregatidae,Fregatidae (Frigatebirds),,Fregata ariel (lesser frigatebird),Fregata ariel (Lesser Frigatebird)
Fregata_magnificens,Magnificent Frigatebird,Fregatidae,Fregatidae (Frigatebirds),,Fregata magnificens (magnificent frigatebird),Fregata magnificens (Magnificent Frigatebird)
Fregata_minor,Great Frigatebird,Fregatidae,Fregatidae (Frigatebirds),,Fregata minor (great frigatebird),Fregata minor (Great Frigatebird)
Halocyptena_microsoma,Least Storm Petrel,Hydrobatidae,Hydrobatidae (Northern Storm Petrels),,Halocyptena microsoma (least storm petrel),Halocyptena microsoma (Least Storm Petrel)
Hydrobates_pelagicus,European Storm Petrel,Hydrobatidae,Hydrobatidae (Northern Storm Petrels),,Hydrobates pelagicus (European storm petrel),Hydrobates pelagicus (European Storm Petrel)
Oceanodroma_castro,Band-rumped Storm Petrel,Hydrobatidae,Hydrobatidae (Northern Storm Petrels),Hydrobates castro,Oceanodroma castro (band-rumped storm petrel),Oceanodroma castro (Band-rumped Storm Petrel)
Oceanodroma_furcata,Fork-tailed Storm Petrel,Hydrobatidae,Hydrobatidae (Northern Storm Petrels),Hydrobates furcatus,Oceanodroma furcata (fork-tailed storm petrel),Oceanodroma furcata (Fork-tailed Storm Petrel)
Oceanodroma_homochroa,Ashy Storm Petrel,Hydrobatidae,Hydrobatidae (Northern Storm Petrels),Hydrobates homochroa,Oceanodroma homochroa (ashy storm petrel),Oceanodroma homochroa (Ashy Storm Petrel)
Oceanodroma_hornbyi,Hornby's Storm Petrel,Hydrobatidae,Hydrobatidae (Northern Storm Petrels),Hydrobates hornbyi,Oceanodroma hornbyi (Hornby's storm petrel),Oceanodroma hornbyi (Hornby's Storm Petrel)
Oceanodroma_leucorhoa,Leach's Storm Petrel,Hydrobatidae,Hydrobatidae (Northern Storm Petrels),Hydrobates leucorhous,Oceanodroma leucorhoa (Leach's storm petrel),Oceanodroma leucorhoa (Leach's Storm Petrel)
Oceanodroma_macrodactyla,Guadalupe Storm Petrel,Hydrobatidae,Hydrobatidae (Northern Storm Petrels),Hydrobates macrodactylus (Extinct),Oceanodroma macrodactyla (Guadalupe storm petrel),Oceanodroma macrodactyla (Guadalupe Storm Petrel)
Oceanodroma_markhami,Markham's Storm Petrel,Hydrobatidae,Hydrobatidae (Northern Storm Petrels),Hydrobates markhami,Oceanodroma markhami (Markham's storm petrel),Oceanodroma markhami (Markham's Storm Petrel)
Oceanodroma_matsudairae,Matsudaira's Storm Petrel,Hydrobatidae,Hydrobatidae (Northern Storm Petrels),Hydrobates matsudairae,Oceanodroma matsudairae (Matsudaira's storm petrel),Oceanodroma matsudairae (Matsudaira's Storm Petrel)
Oceanodroma_melania,Black Storm Petrel,Hydrobatidae,Hydrobatidae (Northern Storm Petrels),Hydrobates melania,Oceanodroma melania (black storm petrel),Oceanodroma melania (Black Storm Petrel)
Oceanodroma_monorhis,Swinhoe's Storm Petrel,Hydrobatidae,Hydrobatidae (Northern Storm Petrels),Hydrobates monorhis,Oceanodroma monorhis (Swinhoe's storm petrel),Oceanodroma monorhis (Swinhoe's Storm Petrel)
Oceanodroma_monteiroi,Monteiro's Storm Petrel,Hydrobatidae,Hydrobatidae (Northern Storm Petrels),Hydrobates monteiroi ,Oceanodroma monteiroi (Monteiro's storm petrel),Oceanodroma monteiroi (Monteiro's Storm Petrel)
Oceanodroma_tethys,Wedge-rumped Storm Petrel,Hydrobatidae,Hydrobatidae (Northern Storm Petrels),Hydrobates tethys,Oceanodroma tethys (wedge-rumped storm petrel),Oceanodroma tethys (Wedge-rumped Storm Petrel)
Oceanodroma_tristrami,Tristaram's Storm Petrel,Hydrobatidae,Hydrobatidae (Northern Storm Petrels),Hydrobates tristrami,Oceanodroma tristrami (Tristaram's storm petrel),Oceanodroma tristrami (Tristaram's Storm Petrel)
Anous_minutus,Black Noddy,Laridae,"Laridae (Gulls, Terns & Skimmers)",,Anous minutus (black noddy),Anous minutus (Black Noddy)
Anous_stolidus,Common Noddy,Laridae,"Laridae (Gulls, Terns & Skimmers)",,Anous stolidus (common noddy),Anous stolidus (Common Noddy)
Anous_tenuirostris,Lesser Noddy,Laridae,"Laridae (Gulls, Terns & Skimmers)",,Anous tenuirostris (lesser noddy),Anous tenuirostris (Lesser Noddy)
Chlidonias_niger,Black Tern,Laridae,"Laridae (Gulls, Terns & Skimmers)",,Chlidonias niger (black tern),Chlidonias niger (Black Tern)
Creagrus_furcatus,Swallow-tailed Gull,Laridae,"Laridae (Gulls, Terns & Skimmers)",,Creagrus furcatus (swallow-tailed gull),Creagrus furcatus (Swallow-tailed Gull)
Gygis_alba,Fairy Tern,Laridae,"Laridae (Gulls, Terns & Skimmers)",,Gygis alba (fairy tern),Gygis alba (Fairy Tern)
Gygis_microrhyncha,Little White-Tern,Laridae,"Laridae (Gulls, Terns & Skimmers)",,Gygis microrhyncha (little white-tern),Gygis microrhyncha (Little White-Tern)
Larosterna_inca,Inca Tern,Laridae,"Laridae (Gulls, Terns & Skimmers)",,Larosterna inca (Inca tern),Larosterna inca (Inca Tern)
Larus_argentatus,European Herring Gull,Laridae,"Laridae (Gulls, Terns & Skimmers)",,Larus argentatus (European herring gull),Larus argentatus (European Herring Gull)
Larus_atlanticus,Olrog's Gull,Laridae,"Laridae (Gulls, Terns & Skimmers)",,Larus atlanticus (Olrog's gull),Larus atlanticus (Olrog's Gull)
Larus_atricilla,Laughing Gull,Laridae,"Laridae (Gulls, Terns & Skimmers)",,Larus atricilla (laughing gull),Larus atricilla (Laughing Gull)
Larus_audouinii,Audouin's Gull,Laridae,"Laridae (Gulls, Terns & Skimmers)",,Larus audouinii (Audouin's gull),Larus audouinii (Audouin's Gull)
Larus_belcheri,Belcher's Gull,Laridae,"Laridae (Gulls, Terns & Skimmers)",,Larus belcheri (Belcher's gull),Larus belcheri (Belcher's Gull)
Larus_brunnicephalus,Brown-headed Gull,Laridae,"Laridae (Gulls, Terns & Skimmers)",,Larus brunnicephalus (brown-headed gull),Larus brunnicephalus (Brown-headed Gull)
Larus_cachinnans,Caspian Gull,Laridae,"Laridae (Gulls, Terns & Skimmers)",,Larus cachinnans (Caspian gull),Larus cachinnans (Caspian Gull)
Larus_californicus,California Gull,Laridae,"Laridae (Gulls, Terns & Skimmers)",,Larus californicus (California gull),Larus californicus (California Gull)
Larus_canus,Mew Gull,Laridae,"Laridae (Gulls, Terns & Skimmers)",,Larus canus (mew gull),Larus canus (Mew Gull)
Larus_cirrocephalus,Grey-headed Gull,Laridae,"Laridae (Gulls, Terns & Skimmers)",,Larus cirrocephalus (grey-headed gull),Larus cirrocephalus (Grey-headed Gull)
Larus_crassirostris,Black-tailed Gull,Laridae,"Laridae (Gulls, Terns & Skimmers)",,Larus crassirostris (black-tailed gull),Larus crassirostris (Black-tailed Gull)
Larus_delawarensis,Ring-billed Gull,Laridae,"Laridae (Gulls, Terns & Skimmers)",,Larus delawarensis (ring-billed gull),Larus delawarensis (Ring-billed Gull)
Larus_dominicanus,Kelp Gull,Laridae,"Laridae (Gulls, Terns & Skimmers)",,Larus dominicanus (kelp gull),Larus dominicanus (Kelp Gull)
Larus_fuliginosus,Lava Gull,Laridae,"Laridae (Gulls, Terns & Skimmers)",,Larus fuliginosus (lava gull),Larus fuliginosus (Lava Gull)
Larus_fuscus,Lesser Black-backed Gull,Laridae,"Laridae (Gulls, Terns & Skimmers)",,Larus fuscus (lesser black-backed gull),Larus fuscus (Lesser Black-backed Gull)
Larus_genei,Slender-billed Gull,Laridae,"Laridae (Gulls, Terns & Skimmers)",,Larus genei (slender-billed gull),Larus genei (Slender-billed Gull)
Larus_glaucescens,Glaucous-winged Gull,Laridae,"Laridae (Gulls, Terns & Skimmers)",,Larus glaucescens (glaucous-winged gull),Larus glaucescens (Glaucous-winged Gull)
Larus_glaucoides,Iceland Gull,Laridae,"Laridae (Gulls, Terns & Skimmers)",,Larus glaucoides (Iceland gull),Larus glaucoides (Iceland Gull)
Larus_hartlaubii,Hartlaub's Gull,Laridae,"Laridae (Gulls, Terns & Skimmers)",,Larus hartlaubii (Hartlaub's gull),Larus hartlaubii (Hartlaub's Gull)
Larus_heermanni,Heermann's Gull,Laridae,"Laridae (Gulls, Terns & Skimmers)",,Larus heermanni (Heermann's gull),Larus heermanni (Heermann's Gull)
Larus_hemprichii,Sooty Gull,Laridae,"Laridae (Gulls, Terns & Skimmers)",,Larus hemprichii (sooty gull),Larus hemprichii (Sooty Gull)
Larus_hyperboreus,Glaucous Gull,Laridae,"Laridae (Gulls, Terns & Skimmers)",,Larus hyperboreus (glaucous gull),Larus hyperboreus (Glaucous Gull)
Larus_ichthyaetus,Pallas's Gull,Laridae,"Laridae (Gulls, Terns & Skimmers)",,Larus ichthyaetus (Pallas's gull),Larus ichthyaetus (Pallas's Gull)
Larus_leucophthalmus,White-eyed Gull,Laridae,"Laridae (Gulls, Terns & Skimmers)",,Larus leucophthalmus (white-eyed gull),Larus leucophthalmus (White-eyed Gull)
Larus_livens,Yellow-footed Gull,Laridae,"Laridae (Gulls, Terns & Skimmers)",,Larus livens (yellow-footed gull),Larus livens (Yellow-footed Gull)
Larus_maculipennis,Brown-hooded Gull,Laridae,"Laridae (Gulls, Terns & Skimmers)",,Larus maculipennis (brown-hooded gull),Larus maculipennis (Brown-hooded Gull)
Larus_marinus,Greater Black-backed Gull,Laridae,"Laridae (Gulls, Terns & Skimmers)",,Larus marinus (greater black-backed gull),Larus marinus (Greater Black-backed Gull)
Larus_melanocephalus,Mediterranean Gull,Laridae,"Laridae (Gulls, Terns & Skimmers)",,Larus melanocephalus (Mediterranean gull),Larus melanocephalus (Mediterranean Gull)
Larus_michahellis,Yellow-legged Gull,Laridae,"Laridae (Gulls, Terns & Skimmers)",,Larus michahellis (yellow-legged gull),Larus michahellis (Yellow-legged Gull)
Larus_minutus,Little Gull,Laridae,"Laridae (Gulls, Terns & Skimmers)",Hydrocoloeus minutus,Larus minutus (little gull),Larus minutus (Little Gull)
Larus_modestus,Gray Gull,Laridae,"Laridae (Gulls, Terns & Skimmers)",,Larus modestus (gray gull),Larus modestus (Gray Gull)
Larus_novaehollandiae,Silver Gull,Laridae,"Laridae (Gulls, Terns & Skimmers)",,Larus novaehollandiae (silver gull),Larus novaehollandiae (Silver Gull)
Larus_occidentalis,Western Gull,Laridae,"Laridae (Gulls, Terns & Skimmers)",,Larus occidentalis (western gull),Larus occidentalis (Western Gull)
Larus_pacificus,Pacific Gull,Laridae,"Laridae (Gulls, Terns & Skimmers)",,Larus pacificus (Pacific gull),Larus pacificus (Pacific Gull)
Larus_philadelphia,Bonaparte's Gull,Laridae,"Laridae (Gulls, Terns & Skimmers)",,Larus philadelphia (Bonaparte's gull),Larus philadelphia (Bonaparte's Gull)
Larus_pipixcan,Franklin's Gull,Laridae,"Laridae (Gulls, Terns & Skimmers)",,Larus pipixcan (Franklin's gull),Larus pipixcan (Franklin's Gull)
Larus_ridibundus,Common Black-headed Gull,Laridae,"Laridae (Gulls, Terns & Skimmers)",,Larus ridibundus (common black-headed gull),Larus ridibundus (Common Black-headed Gull)
Larus_saundersi,Saunders's gull,Laridae,"Laridae (Gulls, Terns & Skimmers)",Chroicocephalus saundersi,Larus saundersi (Saunders's gull),Larus saundersi (Saunders's gull)
Larus_schistisagus,Slaty-backed Gull,Laridae,"Laridae (Gulls, Terns & Skimmers)",,Larus schistisagus (slaty-backed gull),Larus schistisagus (Slaty-backed Gull)
Larus_scopulinus,Red-billed Gull,Laridae,"Laridae (Gulls, Terns & Skimmers)",Chroicocephalus novaehollandiae scopulinus,Larus scopulinus (red-billed gull),Larus scopulinus (Red-billed Gull)
Larus_thayeri,Thayer's Gull,Laridae,"Laridae (Gulls, Terns & Skimmers)",,Larus thayeri (Thayer's gull),Larus thayeri (Thayer's Gull)
Leucophaeus_scoresbii,Dolphin Gull,Laridae,"Laridae (Gulls, Terns & Skimmers)",,Leucophaeus scoresbii (dolphin gull),Leucophaeus scoresbii (Dolphin Gull)
Pagophila_eburnea,Ivory Gull,Laridae,"Laridae (Gulls, Terns & Skimmers)",,Pagophila eburnea (ivory gull),Pagophila eburnea (Ivory Gull)
Procelsterna_cerulea,Blue Noddy,Laridae,"Laridae (Gulls, Terns & Skimmers)",,Procelsterna cerulea (blue noddy),Procelsterna cerulea (Blue Noddy)
Rhodostethia_rosea,Ross's Gull,Laridae,"Laridae (Gulls, Terns & Skimmers)",,Rhodostethia rosea (Ross's gull),Rhodostethia rosea (Ross's Gull)
Rissa_brevirostris,Red-legged Kittiwake,Laridae,"Laridae (Gulls, Terns & Skimmers)",,Rissa brevirostris (red-legged kittiwake),Rissa brevirostris (Red-legged Kittiwake)
Rissa_tridactyla,Black-legged Kittiwake,Laridae,"Laridae (Gulls, Terns & Skimmers)",,Rissa tridactyla (black-legged kittiwake),Rissa tridactyla (Black-legged Kittiwake)
Sterna_albifrons,Little Tern,Laridae,"Laridae (Gulls, Terns & Skimmers)",Sternula albifrons,Sterna albifrons (little tern),Sterna albifrons (Little Tern)
Sterna_albostriata,Black-fronted Tern,Laridae,"Laridae (Gulls, Terns & Skimmers)",Chlidonias albostriatus,Sterna albostriata (black-fronted tern),Sterna albostriata (Black-fronted Tern)
Sterna_aleutica,Aleutian Tern,Laridae,"Laridae (Gulls, Terns & Skimmers)",Onychoprion aleuticus,Sterna aleutica (Aleutian tern),Sterna aleutica (Aleutian Tern)
Sterna_anaethetus,Bridled Tern,Laridae,"Laridae (Gulls, Terns & Skimmers)",Onychoprion anaethetus,Sterna anaethetus (bridled tern),Sterna anaethetus (Bridled Tern)
Sterna_antillarum,Least Tern,Laridae,"Laridae (Gulls, Terns & Skimmers)",Sternula antillarum,Sterna antillarum (least tern),Sterna antillarum (Least Tern)
Sterna_balaenarum,Damara Tern,Laridae,"Laridae (Gulls, Terns & Skimmers)",Sternula balaenarum,Sterna balaenarum (Damara tern),Sterna balaenarum (Damara Tern)
Sterna_bengalensis,Lesser Crested Tern,Laridae,"Laridae (Gulls, Terns & Skimmers)",Thalasseus bengalensis,Sterna bengalensis (lesser crested tern),Sterna bengalensis (Lesser Crested Tern)
Sterna_bergii,Greater Crested Tern,Laridae,"Laridae (Gulls, Terns & Skimmers)",Thalasseus bergii,Sterna bergii (greater crested tern),Sterna bergii (Greater Crested Tern)
Sterna_bernsteini,Chinese Crested Tern,Laridae,"Laridae (Gulls, Terns & Skimmers)",Thalasseus Bernsteini,Sterna bernsteini (Chinese crested tern),Sterna bernsteini (Chinese Crested Tern)
Sterna_caspia,Caspian Tern,Laridae,"Laridae (Gulls, Terns & Skimmers)",Hydroprogne caspia,Sterna caspia (Caspian tern),Sterna caspia (Caspian Tern)
Sterna_dougallii,Roseate Tern,Laridae,"Laridae (Gulls, Terns & Skimmers)",,Sterna dougallii (roseate tern),Sterna dougallii (Roseate Tern)
Sterna_elegans,Elegant Tern,Laridae,"Laridae (Gulls, Terns & Skimmers)",Thalasseus elegans,Sterna elegans (elegant tern),Sterna elegans (Elegant Tern)
Sterna_forsteri,Forster's Tern,Laridae,"Laridae (Gulls, Terns & Skimmers)",,Sterna forsteri (Forster's tern),Sterna forsteri (Forster's Tern)
Sterna_fuscata,Sooty Tern,Laridae,"Laridae (Gulls, Terns & Skimmers)",Onychoprion fuscatus,Sterna fuscata (sooty tern),Sterna fuscata (Sooty Tern)
Sterna_hirundinacea,South American Tern,Laridae,"Laridae (Gulls, Terns & Skimmers)",,Sterna hirundinacea (South American tern),Sterna hirundinacea (South American Tern)
Sterna_hirundo,Common Tern,Laridae,"Laridae (Gulls, Terns & Skimmers)",,Sterna hirundo (common tern),Sterna hirundo (Common Tern)
Sterna_lorata,Peruvian Tern,Laridae,"Laridae (Gulls, Terns & Skimmers)",Sternula lorata,Sterna lorata (Peruvian tern),Sterna lorata (Peruvian Tern)
Sterna_lunata,Spectacled Tern,Laridae,"Laridae (Gulls, Terns & Skimmers)",Onychoprion lunatus,Sterna lunata (spectacled tern),Sterna lunata (Spectacled Tern)
Sterna_maxima,Royal Tern,Laridae,"Laridae (Gulls, Terns & Skimmers)",Thalasseus maximus,Sterna maxima (royal tern),Sterna maxima (Royal Tern)
Sterna_nereis,Fairy Tern,Laridae,"Laridae (Gulls, Terns & Skimmers)",Sternula nereis,Sterna nereis (fairy tern),Sterna nereis (Fairy Tern)
Sterna_nilotica,Gull-billed Tern,Laridae,"Laridae (Gulls, Terns & Skimmers)",Gelochelidon nilotica,Sterna nilotica (gull-billed tern),Sterna nilotica (Gull-billed Tern)
Sterna_paradisaea,Arctic Tern,Laridae,"Laridae (Gulls, Terns & Skimmers)",,Sterna paradisaea (Arctic tern),Sterna paradisaea (Arctic Tern)
Sterna_repressa,White-cheeked Tern,Laridae,"Laridae (Gulls, Terns & Skimmers)",,Sterna repressa (white-cheeked tern),Sterna repressa (White-cheeked Tern)
Sterna_sandvicensis,Sandwich Tern,Laridae,"Laridae (Gulls, Terns & Skimmers)",Thalasseus sandvicensis,Sterna sandvicensis (sandwich tern),Sterna sandvicensis (Sandwich Tern)
Sterna_saundersi,Saunder's Tern,Laridae,"Laridae (Gulls, Terns & Skimmers)",Sternula saundersi,Sterna saundersi (saunder's tern),Sterna saundersi (Saunder's Tern)
Sterna_striata,White-fronted Tern,Laridae,"Laridae (Gulls, Terns & Skimmers)",,Sterna striata (white-fronted tern),Sterna striata (White-fronted Tern)
Sterna_sumatrana,Black-naped Tern,Laridae,"Laridae (Gulls, Terns & Skimmers)",,Sterna sumatrana (black-naped tern),Sterna sumatrana (Black-naped Tern)
Sterna_trudeaui,Snowy-crowned Tern,Laridae,"Laridae (Gulls, Terns & Skimmers)",,Sterna trudeaui (snowy-crowned tern),Sterna trudeaui (Snowy-crowned Tern)
Sterna_virgata,Kerguelen Tern,Laridae,"Laridae (Gulls, Terns & Skimmers)",,Sterna virgata (Kerguelen tern),Sterna virgata (Kerguelen Tern)
Sterna_vittata,Antarctic Tern,Laridae,"Laridae (Gulls, Terns & Skimmers)",,Sterna vittata (Antarctic tern),Sterna vittata (Antarctic Tern)
Xema_sabini,Sabine's Gull,Laridae,"Laridae (Gulls, Terns & Skimmers)",,Xema sabini (Sabine's gull),Xema sabini (Sabine's Gull)
Fregetta_grallaria,White-bellied Storm-Petrel,Oceanitidae,Oceanitidae (Southern Storm Petrels),,Fregetta grallaria (white-bellied storm-petrel),Fregetta grallaria (White-bellied Storm-Petrel)
Fregetta_tropica,Black-bellied Storm-Petrel,Oceanitidae,Oceanitidae (Southern Storm Petrels),,Fregetta tropica (black-bellied storm-petrel),Fregetta tropica (Black-bellied Storm-Petrel)
Garrodia_nereis,Gray-backed Storm-Petrel,Oceanitidae,Oceanitidae (Southern Storm Petrels),,Garrodia nereis (gray-backed storm-petrel),Garrodia nereis (Gray-backed Storm-Petrel)
Nesofregetta_fuliginosa,White-throated Storm Petrel,Oceanitidae,Oceanitidae (Southern Storm Petrels),,Nesofregetta fuliginosa (white-throated storm petrel),Nesofregetta fuliginosa (White-throated Storm Petrel)
Oceanites_gracilis,White-vented Storm Petrel,Oceanitidae,Oceanitidae (Southern Storm Petrels),,Oceanites gracilis (white-vented storm petrel),Oceanites gracilis (White-vented Storm Petrel)
Oceanites_maorianus,New Zealand Storm Petrel,Oceanitidae,Oceanitidae (Southern Storm Petrels),Fregetta maorianus,Oceanites maorianus (New Zealand storm petrel),Oceanites maorianus (New Zealand Storm Petrel)
Oceanites_oceanicus,Wilson's Storm-Petrel,Oceanitidae,Oceanitidae (Southern Storm Petrels),,Oceanites oceanicus (Wilson's storm-petrel),Oceanites oceanicus (Wilson's Storm-Petrel)
Pelagodroma_marina,White-faced Storm Petrel,Oceanitidae,Oceanitidae (Southern Storm Petrels),,Pelagodroma marina (white-faced storm petrel),Pelagodroma marina (White-faced Storm Petrel)
Pelecanus_occidentalis,Brown Pelican,Pelecanidae,Pelecanidae (Pelicans),,Pelecanus occidentalis (brown pelican),Pelecanus occidentalis (Brown Pelican)
Pelecanus_onocrotalus,Great White Pelican,Pelecanidae,Pelecanidae (Pelicans),,Pelecanus onocrotalus (great white pelican),Pelecanus onocrotalus (Great White Pelican)
Pelecanus_thagus,Peruvian Pelican,Pelecanidae,Pelecanidae (Pelicans),,Pelecanus thagus (Peruvian pelican),Pelecanus thagus (Peruvian Pelican)
Phaethon_aethereus,Red-billed Tropicbird,Phaethontidae,Phaethontidae (Tropicbirds),,Phaethon aethereus (red-billed tropicbird),Phaethon aethereus (Red-billed Tropicbird)
Phaethon_lepturus,White-tailed Tropicbird,Phaethontidae,Phaethontidae (Tropicbirds),,Phaethon lepturus (white-tailed tropicbird),Phaethon lepturus (White-tailed Tropicbird)
Phaethon_rubricauda,Red-tailed Tropicbird,Phaethontidae,Phaethontidae (Tropicbirds),,Phaethon rubricauda (red-tailed tropicbird),Phaethon rubricauda (Red-tailed Tropicbird)
Phalacrocorax_aristotelis,European Shag,Phalacrocoracidae,Phalacrocoracidae (Cormorants & Shags),,Phalacrocorax aristotelis (European shag),Phalacrocorax aristotelis (European Shag)
Phalacrocorax_atriceps,Imperial Shag,Phalacrocoracidae,Phalacrocoracidae (Cormorants & Shags),,Phalacrocorax atriceps (imperial shag),Phalacrocorax atriceps (Imperial Shag)
Phalacrocorax_auritus,Double-crested Cormorant,Phalacrocoracidae,Phalacrocoracidae (Cormorants & Shags),,Phalacrocorax auritus (double-crested cormorant),Phalacrocorax auritus (Double-crested Cormorant)
Phalacrocorax_bougainvillii,Guanay Cormorant,Phalacrocoracidae,Phalacrocoracidae (Cormorants & Shags),Phalacrocorax bougainvilliorum ,Phalacrocorax bougainvillii (Guanay cormorant),Phalacrocorax bougainvillii (Guanay Cormorant)
Phalacrocorax_brasilianus,Neotropical Cormorant,Phalacrocoracidae,Phalacrocoracidae (Cormorants & Shags),,Phalacrocorax brasilianus (Neotropical cormorant),Phalacrocorax brasilianus (Neotropical Cormorant)
Phalacrocorax_campbelli,Campbell Shag,Phalacrocoracidae,Phalacrocoracidae (Cormorants & Shags),,Phalacrocorax campbelli (Campbell shag),Phalacrocorax campbelli (Campbell Shag)
Phalacrocorax_capensis,Cape Cormorant,Phalacrocoracidae,Phalacrocoracidae (Cormorants & Shags),,Phalacrocorax capensis (Cape cormorant),Phalacrocorax capensis (Cape Cormorant)
Phalacrocorax_capillatus,Japanese Cormorant,Phalacrocoracidae,Phalacrocoracidae (Cormorants & Shags),,Phalacrocorax capillatus (Japanese cormorant),Phalacrocorax capillatus (Japanese Cormorant)
Phalacrocorax_carbo,Great Cormorant,Phalacrocoracidae,Phalacrocoracidae (Cormorants & Shags),,Phalacrocorax carbo (great cormorant),Phalacrocorax carbo (Great Cormorant)
Phalacrocorax_carunculatus,Rough-faced Shag,Phalacrocoracidae,Phalacrocoracidae (Cormorants & Shags),,Phalacrocorax carunculatus (rough-faced shag),Phalacrocorax carunculatus (Rough-faced Shag)
Phalacrocorax_chalconotus,Bronzed Shag,Phalacrocoracidae,Phalacrocoracidae (Cormorants & Shags),,Phalacrocorax chalconotus (bronzed shag),Phalacrocorax chalconotus (Bronzed Shag)
Phalacrocorax_colensoi,Auckland Island Shag,Phalacrocoracidae,Phalacrocoracidae (Cormorants & Shags),,Phalacrocorax colensoi (Auckland Island shag),Phalacrocorax colensoi (Auckland Island Shag)
Phalacrocorax_coronatus,Crowned cormorant,Phalacrocoracidae,Phalacrocoracidae (Cormorants & Shags),Microcarbo coronatus,Phalacrocorax coronatus (crowned cormorant),Phalacrocorax coronatus (Crowned cormorant)
Phalacrocorax_featherstoni,Pitt Shag,Phalacrocoracidae,Phalacrocoracidae (Cormorants & Shags),,Phalacrocorax featherstoni (pitt shag),Phalacrocorax featherstoni (Pitt Shag)
Phalacrocorax_fuscescens,Black-faced Cormorant,Phalacrocoracidae,Phalacrocoracidae (Cormorants & Shags),,Phalacrocorax fuscescens (black-faced cormorant),Phalacrocorax fuscescens (Black-faced Cormorant)
Phalacrocorax_fuscicollis,Indian Cormorant,Phalacrocoracidae,Phalacrocoracidae (Cormorants & Shags),,Phalacrocorax fuscicollis (Indian cormorant),Phalacrocorax fuscicollis (Indian Cormorant)
Phalacrocorax_gaimardi,Red-legged Cormorant,Phalacrocoracidae,Phalacrocoracidae (Cormorants & Shags),,Phalacrocorax gaimardi (red-legged cormorant),Phalacrocorax gaimardi (Red-legged Cormorant)
Phalacrocorax_harrisi,Galapagos Cormorant,Phalacrocoracidae,Phalacrocoracidae (Cormorants & Shags),,Phalacrocorax harrisi (Galapagos cormorant),Phalacrocorax harrisi (Galapagos Cormorant)
Phalacrocorax_magellanicus,Magellan Cormorant,Phalacrocoracidae,Phalacrocoracidae (Cormorants & Shags),,Phalacrocorax magellanicus (Magellan cormorant),Phalacrocorax magellanicus (Magellan Cormorant)
Phalacrocorax_melanoleucos,Little pied cormorant,Phalacrocoracidae,Phalacrocoracidae (Cormorants & Shags),Microcarbo melanoleucos,Phalacrocorax melanoleucos (little pied cormorant),Phalacrocorax melanoleucos (Little pied cormorant)
Phalacrocorax_neglectus,Bank Cormorant,Phalacrocoracidae,Phalacrocoracidae (Cormorants & Shags),,Phalacrocorax neglectus (bank cormorant),Phalacrocorax neglectus (Bank Cormorant)
Phalacrocorax_nigrogularis,Socotra Cormorant,Phalacrocoracidae,Phalacrocoracidae (Cormorants & Shags),,Phalacrocorax nigrogularis (Socotra cormorant),Phalacrocorax nigrogularis (Socotra Cormorant)
Phalacrocorax_onslowi,Chatham Island Shag,Phalacrocoracidae,Phalacrocoracidae (Cormorants & Shags),,Phalacrocorax onslowi (Chatham Island shag),Phalacrocorax onslowi (Chatham Island Shag)
Phalacrocorax_pelagicus,Kenyon's Shag,Phalacrocoracidae,Phalacrocoracidae (Cormorants & Shags),,Phalacrocorax pelagicus (Kenyon's shag),Phalacrocorax pelagicus (Kenyon's Shag)
Phalacrocorax_penicillatus,Brandt's Cormorant,Phalacrocoracidae,Phalacrocoracidae (Cormorants & Shags),,Phalacrocorax penicillatus (Brandt's cormorant),Phalacrocorax penicillatus (Brandt's Cormorant)
Phalacrocorax_punctatus,Spotted Shag,Phalacrocoracidae,Phalacrocoracidae (Cormorants & Shags),,Phalacrocorax punctatus (spotted shag),Phalacrocorax punctatus (Spotted Shag)
Phalacrocorax_ranfurlyi,Bounty Island Shag,Phalacrocoracidae,Phalacrocoracidae (Cormorants & Shags),,Phalacrocorax ranfurlyi (Bounty Island shag),Phalacrocorax ranfurlyi (Bounty Island Shag)
Phalacrocorax_urile,Red-faced Cormorant,Phalacrocoracidae,Phalacrocoracidae (Cormorants & Shags),,Phalacrocorax urile (red-faced cormorant),Phalacrocorax urile (Red-faced Cormorant)
Phalacrocorax_varius,Australian Pied Cormorant,Phalacrocoracidae,Phalacrocoracidae (Cormorants & Shags),,Phalacrocorax varius (Australian pied cormorant),Phalacrocorax varius (Australian Pied Cormorant)
Bulweria_bifax,Small St Helena Petrel,Procellariidae,"Procellariidae (Petrels, Prions & Shearwaters)",Extinct in 16th century,Bulweria bifax (small St Helena petrel),Bulweria bifax (Small St Helena Petrel)
Bulweria_bulwerii,Bulwer's Petrel,Procellariidae,"Procellariidae (Petrels, Prions & Shearwaters)",,Bulweria bulwerii (Bulwer's petrel),Bulweria bulwerii (Bulwer's Petrel)
Bulweria_fallax,Jouanin's Petrel,Procellariidae,"Procellariidae (Petrels, Prions & Shearwaters)",,Bulweria fallax (Jouanin's petrel),Bulweria fallax (Jouanin's Petrel)
Calonectris_diomedea,Scopoli's Shearwater,Procellariidae,"Procellariidae (Petrels, Prions & Shearwaters)",,Calonectris diomedea (Scopoli's shearwater),Calonectris diomedea (Scopoli's Shearwater)
Calonectris_edwardsii,Cape Verde Shearwater,Procellariidae,"Procellariidae (Petrels, Prions & Shearwaters)",,Calonectris edwardsii (Cape Verde shearwater),Calonectris edwardsii (Cape Verde Shearwater)
Calonectris_leucomelas,Streaked Shearwater,Procellariidae,"Procellariidae (Petrels, Prions & Shearwaters)",,Calonectris leucomelas (streaked shearwater),Calonectris leucomelas (Streaked Shearwater)
Daption_capense,Cape Pigeon,Procellariidae,"Procellariidae (Petrels, Prions & Shearwaters)",,Daption capense (cape pigeon),Daption capense (Cape Pigeon)
Fulmarus_glacialis,Fulmar,Procellariidae,"Procellariidae (Petrels, Prions & Shearwaters)",,Fulmarus glacialis (fulmar),Fulmarus glacialis (Fulmar)
Fulmarus_glacialoides,Antarctic Fulmar,Procellariidae,"Procellariidae (Petrels, Prions & Shearwaters)",,Fulmarus glacialoides (Antarctic fulmar),Fulmarus glacialoides (Antarctic Fulmar)
Halobaena_caerulea,Blue Petrel,Procellariidae,"Procellariidae (Petrels, Prions & Shearwaters)",,Halobaena caerulea (blue petrel),Halobaena caerulea (Blue Petrel)
Lugensa_brevirostris,Kerguelen petrel,Procellariidae,"Procellariidae (Petrels, Prions & Shearwaters)",Aphrodroma brevirostris,Lugensa brevirostris (Kerguelen petrel),Lugensa brevirostris (Kerguelen petrel)
Macronectes_giganteus,Southern Giant Petrel,Procellariidae,"Procellariidae (Petrels, Prions & Shearwaters)",,Macronectes giganteus (southern giant petrel),Macronectes giganteus (Southern Giant Petrel)
Macronectes_halli,Northern Giant-Petrel,Procellariidae,"Procellariidae (Petrels, Prions & Shearwaters)",,Macronectes halli (northern giant-petrel),Macronectes halli (Northern Giant-Petrel)
Pachyptila_belcheri,Slender-billed Prion,Procellariidae,"Procellariidae (Petrels, Prions & Shearwaters)",,Pachyptila belcheri (slender-billed prion),Pachyptila belcheri (Slender-billed Prion)
Pachyptila_crassirostris,Fulmar Prion,Procellariidae,"Procellariidae (Petrels, Prions & Shearwaters)",,Pachyptila crassirostris (fulmar prion),Pachyptila crassirostris (Fulmar Prion)
Pachyptila_desolata,Dove Prion,Procellariidae,"Procellariidae (Petrels, Prions & Shearwaters)",,Pachyptila desolata (dove prion),Pachyptila desolata (Dove Prion)
Pachyptila_salvini,Salvin's Prion,Procellariidae,"Procellariidae (Petrels, Prions & Shearwaters)",,Pachyptila salvini (Salvin's prion),Pachyptila salvini (Salvin's Prion)
Pachyptila_turtur,Fairy Prion,Procellariidae,"Procellariidae (Petrels, Prions & Shearwaters)",,Pachyptila turtur (fairy prion),Pachyptila turtur (Fairy Prion)
Pachyptila_vittata,Broad-billed Prion,Procellariidae,"Procellariidae (Petrels, Prions & Shearwaters)",,Pachyptila vittata (broad-billed prion),Pachyptila vittata (Broad-billed Prion)
Pagodroma_nivea,Snow Petrel,Procellariidae,"Procellariidae (Petrels, Prions & Shearwaters)",,Pagodroma nivea (snow petrel),Pagodroma nivea (Snow Petrel)
Pelecanoides_garnotii,Peruvian Diving-petrel,Procellariidae,"Procellariidae (Petrels, Prions & Shearwaters)",,Pelecanoides garnotii (Peruvian diving-petrel),Pelecanoides garnotii (Peruvian Diving-petrel)
Pelecanoides_georgicus,South Georgian Diving-Petrel,Procellariidae,"Procellariidae (Petrels, Prions & Shearwaters)",,Pelecanoides georgicus (South Georgian diving-petrel),Pelecanoides georgicus (South Georgian Diving-Petrel)
Pelecanoides_magellani,Magellanic Diving-petrel,Procellariidae,"Procellariidae (Petrels, Prions & Shearwaters)",,Pelecanoides magellani (Magellanic diving-petrel),Pelecanoides magellani (Magellanic Diving-petrel)
Pelecanoides_urinatrix,Common Diving-Petrel,Procellariidae,"Procellariidae (Petrels, Prions & Shearwaters)",,Pelecanoides urinatrix (common diving-petrel),Pelecanoides urinatrix (Common Diving-Petrel)
Procellaria_aequinoctialis,White-chinned Petrel,Procellariidae,"Procellariidae (Petrels, Prions & Shearwaters)",,Procellaria aequinoctialis (white-chinned petrel),Procellaria aequinoctialis (White-chinned Petrel)
Procellaria_cinerea,Pediunker,Procellariidae,"Procellariidae (Petrels, Prions & Shearwaters)",,Procellaria cinerea (grey petrel),Procellaria cinerea (Pediunker)
Procellaria_conspicillata,Spectacled Petrel,Procellariidae,"Procellariidae (Petrels, Prions & Shearwaters)",,Procellaria conspicillata (spectacled petrel),Procellaria conspicillata (Spectacled Petrel)
Procellaria_parkinsoni,Black Petrel,Procellariidae,"Procellariidae (Petrels, Prions & Shearwaters)",,Procellaria parkinsoni (black petrel),Procellaria parkinsoni (Black Petrel)
Procellaria_westlandica,Westland Black Petrel,Procellariidae,"Procellariidae (Petrels, Prions & Shearwaters)",,Procellaria westlandica (Westland black petrel),Procellaria westlandica (Westland Black Petrel)
Pseudobulweria_aterrima,Réunion Petrel,Procellariidae,"Procellariidae (Petrels, Prions & Shearwaters)",,Pseudobulweria aterrima (Reunion petrel),Pseudobulweria aterrima (Réunion Petrel)
Pseudobulweria_becki,Beck's Petrel,Procellariidae,"Procellariidae (Petrels, Prions & Shearwaters)",,Pseudobulweria becki (Beck's petrel),Pseudobulweria becki (Beck's Petrel)
Pseudobulweria_macgillivrayi,Fiji Petrel,Procellariidae,"Procellariidae (Petrels, Prions & Shearwaters)",,Pseudobulweria macgillivrayi (Fiji petrel),Pseudobulweria macgillivrayi (Fiji Petrel)
Pseudobulweria_rostrata,Tahiti Petrel,Procellariidae,"Procellariidae (Petrels, Prions & Shearwaters)",,Pseudobulweria rostrata (Tahiti petrel),Pseudobulweria rostrata (Tahiti Petrel)
Pterodroma_alba,Phoenix Petrel,Procellariidae,"Procellariidae (Petrels, Prions & Shearwaters)",,Pterodroma alba (Phoenix petrel),Pterodroma alba (Phoenix Petrel)
Pterodroma_arminjoniana,Trindade Petrel,Procellariidae,"Procellariidae (Petrels, Prions & Shearwaters)",,Pterodroma arminjoniana (Trindade petrel),Pterodroma arminjoniana (Trindade Petrel)
Pterodroma_atrata,Henderson Petrel,Procellariidae,"Procellariidae (Petrels, Prions & Shearwaters)",,Pterodroma atrata (Henderson petrel),Pterodroma atrata (Henderson Petrel)
Pterodroma_axillaris,Chatham Island Petrel,Procellariidae,"Procellariidae (Petrels, Prions & Shearwaters)",,Pterodroma axillaris (Chatham Island petrel),Pterodroma axillaris (Chatham Island Petrel)
Pterodroma_baraui,Barau's Petrel,Procellariidae,"Procellariidae (Petrels, Prions & Shearwaters)",,Pterodroma baraui (Barau's petrel),Pterodroma baraui (Barau's Petrel)
Pterodroma_brevipes,Collared Petrel,Procellariidae,"Procellariidae (Petrels, Prions & Shearwaters)",,Pterodroma brevipes (collared petrel),Pterodroma brevipes (Collared Petrel)
Pterodroma_cahow,Bermuda Petrel,Procellariidae,"Procellariidae (Petrels, Prions & Shearwaters)",,Pterodroma cahow (Bermuda petrel),Pterodroma cahow (Bermuda Petrel)
Pterodroma_caribbaea,Jamaican Petrel,Procellariidae,"Procellariidae (Petrels, Prions & Shearwaters)",,Pterodroma caribbaea (Jamaican petrel),Pterodroma caribbaea (Jamaican Petrel)
Pterodroma_cervicalis,White-naped Petrel,Procellariidae,"Procellariidae (Petrels, Prions & Shearwaters)",,Pterodroma cervicalis (white-naped petrel),Pterodroma cervicalis (White-naped Petrel)
Pterodroma_cookii,Cook's Petrel,Procellariidae,"Procellariidae (Petrels, Prions & Shearwaters)",,Pterodroma cookii (Cook's petrel),Pterodroma cookii (Cook's Petrel)
Pterodroma_defilippiana,Defilippi's Petrel,Procellariidae,"Procellariidae (Petrels, Prions & Shearwaters)",,Pterodroma defilippiana (Defilippi's petrel),Pterodroma defilippiana (Defilippi's Petrel)
Pterodroma_externa,Juan Fernandez Petrel,Procellariidae,"Procellariidae (Petrels, Prions & Shearwaters)",,Pterodroma externa (Juan Fernandez petrel),Pterodroma externa (Juan Fernandez Petrel)
Pterodroma_feae,Cape Verde Petrel,Procellariidae,"Procellariidae (Petrels, Prions & Shearwaters)",,Pterodroma feae (Cape Verde petrel),Pterodroma feae (Cape Verde Petrel)
Pterodroma_hasitata,Black-capped Petrel,Procellariidae,"Procellariidae (Petrels, Prions & Shearwaters)",,Pterodroma hasitata (black-capped petrel),Pterodroma hasitata (Black-capped Petrel)
Pterodroma_heraldica,Herald Petrel,Procellariidae,"Procellariidae (Petrels, Prions & Shearwaters)",,Pterodroma heraldica (Herald petrel),Pterodroma heraldica (Herald Petrel)
Pterodroma_hypoleuca,Bonin Petrel,Procellariidae,"Procellariidae (Petrels, Prions & Shearwaters)",,Pterodroma hypoleuca (Bonin petrel),Pterodroma hypoleuca (Bonin Petrel)
Pterodroma_incerta,Atlantic Petrel,Procellariidae,"Procellariidae (Petrels, Prions & Shearwaters)",,Pterodroma incerta (Atlantic petrel),Pterodroma incerta (Atlantic Petrel)
Pterodroma_inexpectata,Mottled Petrel,Procellariidae,"Procellariidae (Petrels, Prions & Shearwaters)",,Pterodroma inexpectata (Mottled petrel),Pterodroma inexpectata (Mottled Petrel)
Pterodroma_lessonii,White-headed Petrel,Procellariidae,"Procellariidae (Petrels, Prions & Shearwaters)",,Pterodroma lessonii (white-headed petrel),Pterodroma lessonii (White-headed Petrel)
Pterodroma_leucoptera,Collared Petrel,Procellariidae,"Procellariidae (Petrels, Prions & Shearwaters)",,Pterodroma leucoptera (collared petrel),Pterodroma leucoptera (Collared Petrel)
Pterodroma_longirostris,Stejneger's Petrel,Procellariidae,"Procellariidae (Petrels, Prions & Shearwaters)",,Pterodroma longirostris (Stejneger's petrel),Pterodroma longirostris (Stejneger's Petrel)
Pterodroma_macroptera,Great-winged Petrel,Procellariidae,"Procellariidae (Petrels, Prions & Shearwaters)",,Pterodroma macroptera (great-winged petrel),Pterodroma macroptera (Great-winged Petrel)
Pterodroma_madeira,Zino's Petrel,Procellariidae,"Procellariidae (Petrels, Prions & Shearwaters)",,Pterodroma madeira (Zino's petrel),Pterodroma madeira (Zino's Petrel)
Pterodroma_magentae,Chatham Island Taiko,Procellariidae,"Procellariidae (Petrels, Prions & Shearwaters)",,Pterodroma magentae (Chatham Island taiko),Pterodroma magentae (Chatham Island Taiko)
Pterodroma_mollis,Soft-plumaged Petrel,Procellariidae,"Procellariidae (Petrels, Prions & Shearwaters)",,Pterodroma mollis (soft-plumaged petrel),Pterodroma mollis (Soft-plumaged Petrel)
Pterodroma_neglecta,Kermadec Petrel,Procellariidae,"Procellariidae (Petrels, Prions & Shearwaters)",,Pterodroma neglecta (Kermadec petrel),Pterodroma neglecta (Kermadec Petrel)
Pterodroma_nigripennis,Black-winged Petrel,Procellariidae,"Procellariidae (Petrels, Prions & Shearwaters)",,Pterodroma nigripennis (black-winged petrel),Pterodroma nigripennis (Black-winged Petrel)
Pterodroma_phaeopygia,Galapagos Petrel,Procellariidae,"Procellariidae (Petrels, Prions & Shearwaters)",,Pterodroma phaeopygia (Galapagos petrel),Pterodroma phaeopygia (Galapagos Petrel)
Pterodroma_pycrofti,Pycroft's Petrel,Procellariidae,"Procellariidae (Petrels, Prions & Shearwaters)",,Pterodroma pycrofti (Pycroft's petrel),Pterodroma pycrofti (Pycroft's Petrel)
Pterodroma_rupinarum,St Helena Gadfly Petrel,Procellariidae,"Procellariidae (Petrels, Prions & Shearwaters)",,Pterodroma rupinarum (St Helena gadfly petrel),Pterodroma rupinarum (St Helena Gadfly Petrel)
Pterodroma_sandwichensis,Hawaiian Petrel,Procellariidae,"Procellariidae (Petrels, Prions & Shearwaters)",,Pterodroma sandwichensis (Hawaiian petrel),Pterodroma sandwichensis (Hawaiian Petrel)
Pterodroma_solandri,Providence Petrel,Procellariidae,"Procellariidae (Petrels, Prions & Shearwaters)",,Pterodroma solandri (providence petrel),Pterodroma solandri (Providence Petrel)
Pterodroma_ultima,Murphy's Petrel,Procellariidae,"Procellariidae (Petrels, Prions & Shearwaters)",,Pterodroma ultima (Murphy's petrel),Pterodroma ultima (Murphy's Petrel)
Puffinus_assimilis,Little Shearwater,Procellariidae,"Procellariidae (Petrels, Prions & Shearwaters)",,Puffinus assimilis (little shearwater),Puffinus assimilis (Little Shearwater)
Puffinus_auricularis,Townsend's Shearwater,Procellariidae,"Procellariidae (Petrels, Prions & Shearwaters)",,Puffinus auricularis (Townsend's shearwater),Puffinus auricularis (Townsend's Shearwater)
Puffinus_bulleri,Buller's Shearwater,Procellariidae,"Procellariidae (Petrels, Prions & Shearwaters)",Ardenna bulleri,Puffinus bulleri (Buller's shearwater),Puffinus bulleri (Buller's Shearwater)
Puffinus_carneipes,Flesh-footed Shearwater,Procellariidae,"Procellariidae (Petrels, Prions & Shearwaters)",Ardenna carneipes,Puffinus carneipes (flesh-footed shearwater),Puffinus carneipes (Flesh-footed Shearwater)
Puffinus_creatopus,Pink-footed Shearwater,Procellariidae,"Procellariidae (Petrels, Prions & Shearwaters)",Ardenna creatopus,Puffinus creatopus (pink-footed shearwater),Puffinus creatopus (Pink-footed Shearwater)
Puffinus_gavia,Fluttering Shearwater,Procellariidae,"Procellariidae (Petrels, Prions & Shearwaters)",,Puffinus gavia (fluttering shearwater),Puffinus gavia (Fluttering Shearwater)
Puffinus_gravis,Great Shearwater,Procellariidae,"Procellariidae (Petrels, Prions & Shearwaters)",Ardenna gravis,Puffinus gravis (great shearwater),Puffinus gravis (Great Shearwater)
Puffinus_griseus,Sooty Shearwater,Procellariidae,"Procellariidae (Petrels, Prions & Shearwaters)",Ardenna grisea,Puffinus griseus (sooty shearwater),Puffinus griseus (Sooty Shearwater)
Puffinus_heinrothi,Heinroth's Shearwater,Procellariidae,"Procellariidae (Petrels, Prions & Shearwaters)",,Puffinus heinrothi (Heinroth's shearwater),Puffinus heinrothi (Heinroth's Shearwater)
Puffinus_huttoni,Hutton's Shearwater,Procellariidae,"Procellariidae (Petrels, Prions & Shearwaters)",,Puffinus huttoni (Hutton's shearwater),Puffinus huttoni (Hutton's Shearwater)
Puffinus_lherminieri,Audubon's Shearwater,Procellariidae,"Procellariidae (Petrels, Prions & Shearwaters)",,Puffinus lherminieri (Audubon's shearwater),Puffinus lherminieri (Audubon's Shearwater)
Puffinus_mauretanicus,Balearic Shearwater,Procellariidae,"Procellariidae (Petrels, Prions & Shearwaters)",,Puffinus mauretanicus (Balearic shearwater),Puffinus mauretanicus (Balearic Shearwater)
Puffinus_nativitatis,Christmas Shearwater,Procellariidae,"Procellariidae (Petrels, Prions & Shearwaters)",,Puffinus nativitatis (Christmas shearwater),Puffinus nativitatis (Christmas Shearwater)
Puffinus_newelli,Newell's Shearwater,Procellariidae,"Procellariidae (Petrels, Prions & Shearwaters)",,Puffinus newelli (Newell's shearwater),Puffinus newelli (Newell's Shearwater)
Puffinus_opisthomelas,Black-vented Shearwater,Procellariidae,"Procellariidae (Petrels, Prions & Shearwaters)",,Puffinus opisthomelas (black-vented shearwater),Puffinus opisthomelas (Black-vented Shearwater)
Puffinus_pacificus,Wedge-tailed Shearwater,Procellariidae,"Procellariidae (Petrels, Prions & Shearwaters)",,Puffinus pacificus (wedge-tailed shearwater),Puffinus pacificus (Wedge-tailed Shearwater)
Puffinus_puffinus,Manx Shearwater,Procellariidae,"Procellariidae (Petrels, Prions & Shearwaters)",,Puffinus puffinus (Manx shearwater),Puffinus puffinus (Manx Shearwater)
Puffinus_tenuirostris,Short-tailed shearwater,Procellariidae,"Procellariidae (Petrels, Prions & Shearwaters)",Ardenna tenuirostris,Puffinus tenuirostris (short-tailed shearwater),Puffinus tenuirostris (Short-tailed shearwater)
Puffinus_yelkouan,Yelkouan Shearwater,Procellariidae,"Procellariidae (Petrels, Prions & Shearwaters)",,Puffinus yelkouan (Yelkouan shearwater),Puffinus yelkouan (Yelkouan Shearwater)
Thalassoica_antarctica,Antarctic Petrel,Procellariidae,"Procellariidae (Petrels, Prions & Shearwaters)",,Thalassoica antarctica (Antarctic petrel),Thalassoica antarctica (Antarctic Petrel)
Aptenodytes_forsteri,Emperor Penguin,Spheniscidae,Spheniscidae (Penguins),,Aptenodytes forsteri (emperor penguin),Aptenodytes forsteri (Emperor Penguin)
Aptenodytes_patagonicus,King Penguin,Spheniscidae,Spheniscidae (Penguins),,Aptenodytes patagonicus (king penguin),Aptenodytes patagonicus (King Penguin)
Eudyptes_chrysocome,Southern Rockhopper Penguin,Spheniscidae,Spheniscidae (Penguins),,Eudyptes chrysocome (southern rockhopper penguin),Eudyptes chrysocome (Southern Rockhopper Penguin)
Eudyptes_chrysolophus,Macaroni Penguin,Spheniscidae,Spheniscidae (Penguins),,Eudyptes chrysolophus (macaroni penguin),Eudyptes chrysolophus (Macaroni Penguin)
Eudyptes_moseleyi,Northern Rockhopper Penguin,Spheniscidae,Spheniscidae (Penguins),,Eudyptes moseleyi (northern rockhopper penguin),Eudyptes moseleyi (Northern Rockhopper Penguin)
Eudyptes_pachyrhynchus,Fiordland Crested Penguin,Spheniscidae,Spheniscidae (Penguins),,Eudyptes pachyrhynchus (Fiordland crested penguin),Eudyptes pachyrhynchus (Fiordland Crested Penguin)
Eudyptes_robustus,Snares Islands Penguin,Spheniscidae,Spheniscidae (Penguins),,Eudyptes robustus (Snares Islands penguin),Eudyptes robustus (Snares Islands Penguin)
Eudyptes_schlegeli,Royal Penguin,Spheniscidae,Spheniscidae (Penguins),,Eudyptes schlegeli (royal penguin),Eudyptes schlegeli (Royal Penguin)
Eudyptes_sclateri,Erect-crested Penguin,Spheniscidae,Spheniscidae (Penguins),,Eudyptes sclateri (erect-crested penguin),Eudyptes sclateri (Erect-crested Penguin)
Eudyptula_minor,Little Penguin,Spheniscidae,Spheniscidae (Penguins),,Eudyptula minor (little penguin),Eudyptula minor (Little Penguin)
Megadyptes_antipodes,Yellow-eyed Penguin,Spheniscidae,Spheniscidae (Penguins),,Megadyptes antipodes (yellow-eyed penguin),Megadyptes antipodes (Yellow-eyed Penguin)
Pygoscelis_adeliae,Adelie Penguin,Spheniscidae,Spheniscidae (Penguins),,Pygoscelis adeliae (adelie penguin),Pygoscelis adeliae (Adelie Penguin)
Pygoscelis_antarcticus,Chinstrap Penguin,Spheniscidae,Spheniscidae (Penguins),,Pygoscelis antarcticus (chinstrap penguin),Pygoscelis antarcticus (Chinstrap Penguin)
Pygoscelis_papua,Gentoo Penguin,Spheniscidae,Spheniscidae (Penguins),,Pygoscelis papua (gentoo penguin),Pygoscelis papua (Gentoo Penguin)
Spheniscus_demersus,Jackass Penguin,Spheniscidae,Spheniscidae (Penguins),,Spheniscus demersus (jackass penguin),Spheniscus demersus (Jackass Penguin)
Spheniscus_humboldti,Humboldt Penguin,Spheniscidae,Spheniscidae (Penguins),,Spheniscus humboldti (humboldt penguin),Spheniscus humboldti (Humboldt Penguin)
Spheniscus_magellanicus,Magellanic Penguin,Spheniscidae,Spheniscidae (Penguins),,Spheniscus magellanicus (magellanic penguin),Spheniscus magellanicus (Magellanic Penguin)
Spheniscus_mendiculus,Galapagos Penguin,Spheniscidae,Spheniscidae (Penguins),,Spheniscus mendiculus (Galapagos penguin),Spheniscus mendiculus (Galapagos Penguin)
Catharacta_antarctica,Brown Skua,Stercorariidae,Spheniscidae (Penguins),,Catharacta antarctica (brown skua),Catharacta antarctica (Brown Skua)
Catharacta_chilensis,Chilean Skua,Stercorariidae,Spheniscidae (Penguins),,Catharacta chilensis (chilean skua),Catharacta chilensis (Chilean Skua)
Catharacta_lonnbergi,Brown Skua,Stercorariidae,Spheniscidae (Penguins),Unaccepted,Catharacta lonnbergi (brown skua),Catharacta lonnbergi (Brown Skua)
Catharacta_maccormicki,South Polar Skua,Stercorariidae,Spheniscidae (Penguins),,Catharacta maccormicki (south polar skua),Catharacta maccormicki (South Polar Skua)
Catharacta_skua,Great Skua,Stercorariidae,Spheniscidae (Penguins),,Catharacta skua (great skua),Catharacta skua (Great Skua)
Stercorarius_longicaudus,Long-tailed Jaeger,Stercorariidae,Spheniscidae (Penguins),,Stercorarius longicaudus (long-tailed jaeger),Stercorarius longicaudus (Long-tailed Jaeger)
Stercorarius_parasiticus,Arctic Jaeger,Stercorariidae,Spheniscidae (Penguins),,Stercorarius parasiticus (Arctic jaeger),Stercorarius parasiticus (Arctic Jaeger)
Stercorarius_pomarinus,Pomarine Skua,Stercorariidae,Spheniscidae (Penguins),,Stercorarius pomarinus (Pomarine skua),Stercorarius pomarinus (Pomarine Skua)
Morus_bassanus,Northern Gannet,Sulidae,Sulidae (Gannets & Boobies),,Morus bassanus (northern gannet),Morus bassanus (Northern Gannet)
Morus_capensis,Cape Gannet,Sulidae,Sulidae (Gannets & Boobies),,Morus capensis (Cape gannet),Morus capensis (Cape Gannet)
Morus_serrator,Australasian Gannet,Sulidae,Sulidae (Gannets & Boobies),,Morus serrator (Australasian gannet),Morus serrator (Australasian Gannet)
Papasula_abbotti,Abbott's Booby,Sulidae,Sulidae (Gannets & Boobies),,Papasula abbotti (Abbott's booby),Papasula abbotti (Abbott's Booby)
Sula_dactylatra,Masked Booby,Sulidae,Sulidae (Gannets & Boobies),,Sula dactylatra (masked booby),Sula dactylatra (Masked Booby)
Sula_granti,Nazca Booby,Sulidae,Sulidae (Gannets & Boobies),,Sula granti (Nazca booby),Sula granti (Nazca Booby)
Sula_leucogaster,Brown Booby,Sulidae,Sulidae (Gannets & Boobies),,Sula leucogaster (brown booby),Sula leucogaster (Brown Booby)
Sula_nebouxii,Blue-footed Booby,Sulidae,Sulidae (Gannets & Boobies),,Sula nebouxii (blue-footed booby),Sula nebouxii (Blue-footed Booby)
Sula_sula,Red-footed Booby,Sulidae,Sulidae (Gannets & Boobies),,Sula sula (red-footed booby),Sula sula (Red-footed Booby)
Sula_variegata,Peruvian Booby,Sulidae,Sulidae (Gannets & Boobies),,Sula variegata (Peruvian booby),Sula variegata (Peruvian Booby)
